,p,Rel-Nonrel,Nonrel-Rel,Rel_div_p,Nonrel_div_p,Egal-Util,Util-Egal,decision
0,1.0,0.3464107680090946,0.6535892319909055,0.001516643247464,0.0289952798378001,0.0,1.0,0.019476384232698964
1,1.4,0.3457763109448384,0.6542236890551614,-0.0207169471054887,0.0171418360011573,0.04444444444444443,0.9555555555555556,0.004051165641680474
2,3.7,0.3624311536852224,0.6375688463147776,-0.0392931211626527,0.0126367636028392,0.30000000000000004,0.7,-0.0061842444434586814
3,10.0,0.3718931564505311,0.6281068435494689,-0.0522949768144195,0.0105240569570403,1.0,0.0,-0.012837911797400396
