{"hcva_point":1.7,"action_judgement_consensus_1":[0.14053190898827675,-0.09946382497070731,0.11376706731500197,-0.2164215532665302,-0.1405319069382765,0.09946382539281105,-0.11376706798766907,0.2164215533464641],"action_judgement_consensus_t":"[0.19907835469515556, -0.16925155299913539, 0.12980141889254745, -0.14343380188943794, -0.19907835469515556, 0.16925155299913539, -0.12980141889254745, 0.14343380188943794]","decisions_t":0.1650773898122558,"experiment_score_10":{"65.0":0.7826892018803281,"0.0":0.04250388402144489,"24.0":0.2507536495433594,"52.0":0.5460369141709709,"57.0":0.09461158683504658,"63.0":0.01041708905197651,"68.0":0.316627344316922,"23.0":1.1713719024270541,"53.0":0.11041162210757527,"74.0":0.17367355479900626,"82.0":0.09946932849775683,"15.0":0.5546321969283926,"79.0":0.027856534393307132,"32.0":0.34885216820638515,"37.0":0.3115558516707939,"89.0":0.38509056641290756,"39.0":0.37462742667887483,"43.0":0.7980140570392047,"18.0":0.6157022388607739,"92.0":0.29371751937991253,"85.0":0.24737543877037438,"94.0":0.19170042371051021,"51.0":0.021518343931961476,"5.0":0.1424510970542588,"66.0":0.20103042178387653,"25.0":0.15712294505376762,"6.0":0.20207242297386951,"64.0":0.22749544115934367,"84.0":0.26892762938467446,"7.0":0.12488322892778085,"46.0":0.24049551507153694,"27.0":0.5465437767050252,"87.0":0.7825482209792516,"35.0":0.4206623118689969,"95.0":0.6052607258547231,"97.0":0.4567621866747855,"76.0":0.5453630778695429,"55.0":0.4925630473462649,"33.0":0.06122641191323729,"3.0":0.6064776368221979,"56.0":0.27488271032705824,"1.0":0.5201655949205877,"19.0":0.3256776853710853,"72.0":0.293129443857985,"62.0":0.20866368465428953,"36.0":0.7315860764089048,"40.0":0.005994799913907556,"73.0":0.09290401836482354,"30.0":0.11600642403847411,"67.0":0.46850531329000406,"22.0":0.1730026962493422,"99.0":0.6231839445274767,"20.0":0.39142902171502886,"83.0":0.21768532849820915,"42.0":0.10459727673668187,"81.0":0.5245943374543435,"8.0":0.03851108399326578,"47.0":0.2812897506420527,"78.0":0.7081786055452242,"16.0":0.3827832286496379,"10.0":0.4928468949784342,"54.0":0.10437566459259451,"90.0":0.6627084951620883,"59.0":0.316335176167826,"88.0":0.12696220425816057,"93.0":0.6516555773729727,"13.0":0.1299188146746631,"49.0":0.046572497591435225,"26.0":0.5600105610769839,"38.0":0.3167660415150869,"41.0":0.06972650963895832,"29.0":0.6961453536254264,"2.0":0.32453038428401393,"98.0":0.255771610809445,"21.0":0.44157575492207285,"48.0":0.37704127623507844,"91.0":0.725548975983057,"70.0":0.2624196132857382,"31.0":0.31798376394235117,"75.0":0.0009035865337084642,"12.0":0.18089071008968802,"96.0":0.2955447926812379,"58.0":0.7799336506744553,"71.0":0.31810179817017564,"86.0":0.47930373325550724,"80.0":0.6516269077080653,"61.0":0.004834108802371007,"77.0":0.6075972094348434,"9.0":0.6096251980591988,"11.0":0.0820828879879466,"50.0":0.3125543751946621,"34.0":0.039863804956435066,"44.0":0.3537694771602104,"69.0":0.4659868831397007,"14.0":0.4817818046436586,"28.0":0.49120926126555275,"17.0":0.11377396615705863,"4.0":0.08556154773451155,"60.0":0.47914385827587314,"45.0":0.3842555222950639},"decisions_h":0.15160248030568288,"action_judgement_consensus_10":"[0.28183782630404164, -0.24305647657405302, 0.1446416631378482, -0.06206572164776047, -0.28183782630404164, 0.24305647657405302, -0.1446416631378482, 0.06206572164776047]","experiment_score_h":{"67.0":0.6092080397763021,"99.0":0.5453076608612744,"24.0":0.1888012448761419,"42.0":0.2970295188090733,"5.0":0.12071131163783246,"54.0":0.19240217130598197,"59.0":0.3001482745162879,"95.0":0.4317676498882107,"80.0":0.7295031913742677,"44.0":0.34988996096581415,"70.0":0.23113783042759628,"14.0":0.4924679048178862,"84.0":0.2650481131902782,"34.0":0.056870665745934613,"17.0":0.10308786598283105,"94.0":0.05099769722421216,"36.0":0.735465592603301,"39.0":0.2866009199654873,"0.0":0.1359068787608631,"75.0":0.004480911787408892,"53.0":0.12099546541224981,"49.0":0.035886397417207644,"62.0":0.1773819017961476,"76.0":0.4641512613838689,"48.0":0.3813647748994278,"74.0":0.25608434214335357,"12.0":0.37332295216207945,"27.0":0.3730507007385127,"30.0":0.30843866611086557,"79.0":0.11284619209299093,"7.0":0.04247244158343352,"29.0":0.7000248698198226,"50.0":0.21581990449229244,"43.0":0.7672168988561925,"40.0":0.0016713012495581658,"90.0":0.5814966786764143,"4.0":0.14278967287093985,"55.0":0.43061064267904736,"33.0":0.06510592810763355,"37.0":0.25943808016181247,"92.0":0.3043013626845871,"82.0":0.24115164923252694,"32.0":0.17535909223987267,"57.0":0.014049072562395758,"68.0":0.3785797489841395,"26.0":0.5292134028939718,"89.0":0.20667980363059957,"52.0":0.4636261268266236,"86.0":0.3968929459111599,"18.0":0.47401991812600375,"19.0":0.303937899954659,"58.0":0.790619750848683,"41.0":0.10868425314334967,"71.0":0.17641947743540554,"21.0":0.6150688308885853,"64.0":0.2221109428382263,"46.0":0.2187557296551106,"2.0":0.2937332261010018,"28.0":0.4694694758491264,"61.0":0.173576653979937,"13.0":0.12603929848026685,"11.0":0.02996511647896516,"96.0":0.264263009823096,"98.0":0.23726887886979908,"3.0":0.5847378514057716,"91.0":0.7776667474920385,"51.0":0.08714231546548086,"20.0":0.39575252037937825,"66.0":0.10429595108150685,"8.0":0.1471717433907081,"83.0":0.2361880604378551,"22.0":0.14220553806633005,"16.0":0.24208050216333982,"10.0":0.5740587114641081,"63.0":0.011322696364449839,"31.0":0.28670198108420925,"81.0":0.5818224625907717,"23.0":1.1819557457317287,"45.0":0.46546733878073776,"35.0":0.3587099072017794,"69.0":0.3573262237422584,"88.0":0.13234670257927794,"97.0":0.508879958183767,"65.0":0.7773047035592108,"60.0":0.28671161620348173,"15.0":0.5708190985799307,"93.0":0.6678424790245109,"25.0":0.23499922871996992,"78.0":0.6303023218790218,"87.0":0.7868717196436009,"77.0":0.6293369948512697,"6.0":0.22057515491351545,"1.0":0.5386683268602337,"85.0":0.23679159546569983,"38.0":0.1750837207803168,"72.0":0.20510293714459754,"56.0":0.3716171810294279,"73.0":0.180930525078211,"47.0":0.28516926683644894,"9.0":0.5934382964076607},"_runtime":7912.340714303,"_wandb":{"runtime":7937},"situation":20,"iteration":2,"preference_consensus_t":0.5092022404140499,"sample":0,"_step":97,"decisions_1":0.1275672297115172,"action_judgement_consensus_h":[0.17829446037976632,-0.13977455914021597,0.12372347941044465,-0.1705390185666542,-0.17829446037976632,0.13977455914021597,-0.12372347941044465,0.1705390185666542],"experiment_score_1":{"13.0":0.13853605581967865,"11.0":0.01488339001450023,"75.0":0.00614309798566981,"49.0":0.03281783167072633,"27.0":0.20427771797431518,"85.0":0.23678253398581972,"88.0":0.13400888877753886,"4.0":0.16477218323995158,"67.0":0.6447797112746311,"97.0":0.5239616846482319,"95.0":0.2629946671240132,"28.0":0.5517454141259,"90.0":0.5721578066628731,"54.0":0.21619199862778724,"34.0":0.09871658214646842,"29.0":0.6875281124804108,"38.0":0.136201655847762,"16.0":0.20650883066501088,"21.0":0.7838418136527828,"6.0":0.22093237567848426,"70.0":0.22175907381304694,"77.0":0.5470610565744962,"31.0":0.2773232244696599,"0.0":0.1897883705088834,"73.0":0.20472035240001626,"91.0":0.7927484739565034,"99.0":0.5212527935915318,"3.0":0.6670137896825451,"10.0":0.5833975834776494,"51.0":0.14290785318021013,"46.0":0.3010316679318842,"12.0":0.4912910324515856,"44.0":0.3623867183052259,"42.0":0.4149975990985795,"92.0":0.3043104241644672,"61.0":0.22745814572795728,"2.0":0.2914397851647613,"94.0":0.015426025725883238,"81.0":0.6038049729597834,"8.0":0.20293728110543738,"1.0":0.5390255476252024,"71.0":0.13753741250285073,"65.0":0.7756425173609498,"87.0":0.7901023619408344,"36.0":0.7229688352638892,"57.0":0.06981461027712503,"50.0":0.17397398809175862,"20.0":0.3989831626766117,"96.0":0.25488425320854663,"7.0":0.0280129785649669,"40.0":0.0015593410476753,"43.0":0.7649234579199521,"69.0":0.3015606860275291,"22.0":0.1399120971300896,"15.0":0.5797308575468118,"18.0":0.435137853193449,"64.0":0.22044875663996538,"47.0":0.2726725094970372,"23.0":1.181964807211609,"83.0":0.2365452812028239,