{"decisions_1":[-0.31618974527025984,0.4678838697584474],"decisions_10":[-0.412943768453882,0.41684217120248124],"_wandb":{"runtime":79},"experiment_score_h":{"84.0":0.8937460734262782,"5.0":0.6488117311785107,"22.0":0.5566024875719411,"14.0":0.22485864444520207},"decisions_h":[-0.34557124078401324,0.4552355590437328],"preference_consensus_10":"[0.0, 0.3906467448553495, 0.6093532551446504, 0.0]","experiment_score_t":{"22.0":0.5728134874057859,"14.0":0.24106964427904684,"84.0":0.909957073260123,"5.0":0.6650227310123554},"action_judgement_consensus_1":[-0.05412583205129746,0.41614309790070514,-0.5312901221873321,0.5103523629982024,0.054125832040243536,-0.4161430980972724,0.5312901221866404,-0.5103523627794814],"_runtime":61.67968722,"situation":1,"preference_consensus_t":"[0.0, 0.4206303953602624, 0.5793696046397375, 0.0]","experiment_score_1":{"84.0":0.8643645779125249,"5.0":0.6194302356647572,"22.0":0.5272209920581876,"14.0":0.19547714893144866},"decisions_t":[-0.361782240617858,0.4497372615940851],"_step":0,"sample":0,"_timestamp":1.7272681547528296e+09,"action_judgement_consensus_h":[-0.10173859619221196,0.4150883907612302,-0.533109381899959,0.48611380885057914,0.10173859619221196,-0.4150883907612302,0.533109381899959,-0.48611380885057914],"experiment_score_10":{"5.0":0.7161842588483793,"22.0":0.6239750152418098,"14.0":0.29223117211507077,"84.0":0.961118601096147},"action_judgement_consensus_t":"[-0.12477958267912723, 0.4147605709536066, -0.5338494683630739, 0.4751308257277204, 0.12477958267912723, -0.4147605709536066, 0.5338494683630739, -0.4751308257277204]","transition_point":2.000000000000001,"iteration":0,"preference_consensus_1":[-4.597565161522344e-21,0.4507889239999511,0.5492110760086154,-4.597565161522344e-21],"preference_consensus_h":[0,0.43474928606547436,0.5652507139345255,0],"action_judgement_consensus_10":"[-0.21925194341783358, 0.40953470561619804, -0.5371165373963611, 0.42152687194104765, 0.21925194341783358, -0.40953470561619804, 0.5371165373963611, -0.42152687194104765]","hcva_point":1.7}