{"experiment_score_1":{"61.0":0.7245933450597231,"8.0":0.48972982745044014,"92.0":0.34350625198329765,"64.0":0.7724493486114863},"action_judgement_consensus_t":"[-0.06707232774418176, -0.05624003372950118, -0.5405177296626239, 0.45635844603459585, 0.06707232774418176, 0.05624003372950118, 0.5405177296626239, -0.45635844603459585]","experiment_score_10":{"61.0":0.49778098759558465,"8.0":0.26291746998630183,"92.0":0.11669389451915928,"64.0":0.545636991147348},"sample":0,"hcva_point":1.7,"iteration":0,"_runtime":60.984396988,"_step":0,"decisions_t":-0.2729799516274063,"situation":1,"preference_consensus_h":0.5582153847888914,"action_judgement_consensus_h":[-0.07200899603723546,-0.05869102127898103,-0.6427260809328776,0.46238409888248055,0.07200899603723546,0.05869102127898103,0.6427260809328776,-0.46238409888248055],"preference_consensus_t":0.5650868652459843,"preference_consensus_1":0.5495678885292421,"action_judgement_consensus_10":"[-0.02533717972293287, -0.03176614958129032, -0.3536282841932097, 0.4041654843855824, 0.02533717972293287, 0.03176614958129032, 0.3536282841932097, -0.4041654843855824]","experiment_score_t":{"64.0":0.655405377256725,"61.0":0.6075493737049616,"8.0":0.37268585609567884,"92.0":0.2264622806285363},"action_judgement_consensus_1":[-0.07806138661675506,-0.06432339317357905,-0.7706464141530868,0.4744177616099699,0.07806138963854123,0.06432339329869567,0.7706464141501828,-0.4744177630321527],"decisions_1":-0.39002392298216765,"experiment_score_h":{"61.0":0.6587124458598177,"8.0":0.4238489282505349,"92.0":0.27762535278339234,"64.0":0.7065684494115809},"preference_consensus_10":0.5800239972460801,"transition_point":2.100000000000001,"decisions_10":-0.1632115655180293,"decisions_h":-0.32414302378226234,"_timestamp":1.7273395260125782e+09,"_wandb":{"runtime":91}}