,country,rel,nonrel,a_adp_rel,a_div_rel,a_adp_nonrel,a_div_nonrel
57,57.0,0.568,0.432,-0.65,-0.373,-0.637,0.471
52,52.0,0.461,0.5389999999999999,-0.694,0.933,0.225,-0.336
56,56.0,0.125,0.875,0.854,0.336,-0.418,-0.775
65,65.0,0.789,0.2109999999999999,0.374,0.019,0.549,0.784
