{"hcva_point":1.7,"situation":2,"preference_consensus_t":0.45947141408473974,"action_judgement_consensus_1":[0.18021823910991216,0.043585068990647555,-0.03138011101271808,-0.5992895225831747,-0.18021823905769316,-0.04358506899783704,0.03138011105199323,0.599289522101012],"_runtime":6083.258534352,"decisions_h":-0.0017412065153195027,"action_judgement_consensus_h":[0.023429258457647748,0.027659007362761584,-0.023078513390116087,-0.5163244920630884,-0.023429258457647748,-0.027659007362761584,0.023078513390116087,0.5163244920630884],"experiment_score_h":{"11.0":0.07652917057537192,"49.0":0.10573185026376904,"6.0":0.7076903798274611,"97.0":0.5631203074479156,"21.0":0.11211844169978487,"91.0":0.005534168299185266,"24.0":0.03510431066844687,"73.0":0.08793436697866834,"39.0":0.1371587402873849,"22.0":0.3512271151675992,"20.0":0.2886228540102402,"48.0":0.18935775683491918,"59.0":0.12889785480249633,"34.0":0.28276542467684446,"65.0":0.3168178950611647,"66.0":0.37998799989985055,"37.0":0.08824553363940366,"17.0":0.5664128304040856,"72.0":0.13347236879342878,"3.0":0.2209440480012356,"2.0":0.21290518780162854,"52.0":0.7596868665315808,"93.0":0.22676485331818852,"63.0":0.6837392442033815,"89.0":0.11459777688212947,"10.0":0.07959741970099682,"55.0":0.4375286565745122,"84.0":0.5805850621973127,"94.0":0.5742306922456586,"14.0":0.7697771544530985,"81.0":0.2664684077757082,"61.0":0.20718752233074975,"76.0":0.1652667478498025,"46.0":0.36370500135278344,"86.0":0.2896111136974918,"58.0":0.25988165316934747,"74.0":0.17210780386071634,"25.0":0.2744760162421537,"82.0":0.3294418889326924,"9.0":0.09489006331649966,"56.0":0.3884718701969708,"36.0":0.08689678914314758,"79.0":0.3345007074622201,"38.0":0.10427804075064659,"62.0":0.2541092907891519,"64.0":0.46082336638717863,"90.0":0.05951356188413297,"12.0":0.008743213739401165,"71.0":0.2933434029062882,"60.0":0.09301558723411184,"96.0":0.077665145097312,"95.0":0.20148724548867053,"50.0":0.17276609670740217,"47.0":0.7584937565168424,"13.0":0.1706541376709399,"16.0":0.17124864685112304,"92.0":0.5046233208983049,"23.0":0.08952727699350985,"88.0":0.5405417905180679,"18.0":0.11663957745859642,"40.0":0.31695436822222506,"31.0":0.05984640172466227,"5.0":0.12544236183885232,"27.0":0.25846203225252623,"54.0":0.12469132866264347,"87.0":0.708361553592242,"83.0":0.1378090359366368,"51.0":0.28331990942166146,"78.0":0.10493774017858455,"8.0":0.36640091647662215,"32.0":0.8687557456425562,"45.0":0.008854339263963514,"30.0":0.06728881314202458,"15.0":0.26816533167619394,"26.0":0.009095701735606393,"67.0":0.24143295347393867,"98.0":0.3388934241032151,"53.0":0.09150424082457817,"1.0":0.28756881722748656,"33.0":0.11912428721127523,"28.0":0.06241290615997924,"68.0":0.053364235433578745,"99.0":0.35255532808511253,"0.0":0.07859016939944868,"44.0":0.8254972694515117,"7.0":0.23869503614147103,"35.0":0.43404757107269304,"77.0":0.850314298149366,"70.0":0.16245513867543435,"41.0":0.21698015835245837,"85.0":0.2103749876581555,"75.0":0.1173641839813751,"19.0":0.08720370966809114,"4.0":0.29709542151695695,"43.0":0.08852156740127519,"80.0":0.15169017073587282,"42.0":0.5353164154765048,"69.0":0.4244658493761377,"57.0":0.11656644287803444,"29.0":0.03535766912462292},"_timestamp":1.728304839218364e+09,"sample":0,"decisions_t":-0.06439725089736033,"preference_consensus_10":0.4627455767439144,"_step":79,"transition_point":2.300000000000001,"preference_consensus_1":0.4561056266851457,"action_judgement_consensus_10":"[-0.32194824375033265, -0.009993025531777203, 8.840629093633818e-10, -0.286997205357445, 0.32194824375033265, 0.009993025531777203, -8.840629093633818e-10, 0.286997205357445]","preference_consensus_h":0.4587901339294652,"experiment_score_1":{"54.0":0.2024173382312632,"45.0":0.007604113580452376,"26.0":0.047872218927654905,"6.0":0.7854163893960808,"97.0":0.5247257035881078,"83.0":0.12135058309222088,"20.0":0.2316549333469789,"7.0":0.1718227425484932,"22.0":0.3676855680120151,"52.0":0.8265591601245587,"1.0":0.24917421336767875,"86.0":0.2574080947346747,"42.0":0.5188579626320889,"71.0":0.35031132356954947,"46.0":0.40209960521259125,"55.0":0.47592326043432,"36.0":0.10335524198756346,"76.0":0.18172520069421838,"88.0":0.6182678000866877,"12.0":0.0864692233080209,"56.0":0.4553441637899487,"75.0":0.060396263318113805,"99.0":0.4302813376537322,"31.0":0.00287848106140097,"39.0":0.1536171931318008,"3.0":0.25314706696405276,"48.0":0.2058162096793351,"11.0":0.13349709123863324,"89.0":0.17156569754539075,"17.0":0.6048074342638935,"41.0":0.23343861119687428,"87.0":0.6919031007478261,"80.0":0.11329556687606497,"0.0":0.021622248736187386,"59.0":0.14535630764691224,"72.0":0.11701391594901286,"51.0":0.2668614565772456,"96.0":6.0864471307736645e-05,"37.0":0.12044855260222083,"13.0":0.09292812810232018,"49.0":0.0673372464039612,"8.0":0.32800631261681434,"14.0":0.7862356072975143,"60.0":0.13141019109391966,"4.0":0.25870081765714914,"44.0":0.7685293487882504,"33.0":0.13558274005569113,"38.0":0.0473101200873853,"92.0":0.5210817737427207,"85.0":0.2673429083214168,"28.0":0.005444985496717944,"29.0":0.11308367869324265,"58.0":0.27634010601376335,"82.0":0.2910472850728846,"57.0":0.17353436354129576,"27.0":0.3361880418211459,"9.0":0.15185798397976097,"30.0":0.1450148227106443,"65.0":0.3552124989209725,"47.0":0.7420353036724265,"69.0":0.4628604532359455,"63.0":0.7221338480631894,"16.0":0.23812094044410087,"15.0":0.2846237845206098,"10.0":0.1365653403642581,"66.0":0.32302007923658926,"74.0":0.22907572452397762,"77.0":0.9280403077179857,"18.0":0.19436558702721615,"35.0":0.39565296721288523,"40.0":0.23922835865360534,"43.0":0.07206311455685929,"64.0":0.4224287625273708,"19.0":0.009477700099471409,"90.0":0.1372395714527527,"23.0":0.05113267313370201,"93.0":0.1490388437495688,"98.0":0.41661943367183485,"70.0":0.20084974253524218,"21.0":0.05515052103652357,"78.0":0.18266374974720428,"68.0":0.003603685229682553,"5.0":0.06847444117559102,"67.0":0.25789140631835455,"53.0":0.14847216148783948,"50.0":0.11579817604414087,"79.0":0.3728953113220279,"95.0":0.2584551661519318,"81.0":0.304863011635516,"91.0":0.05143375236407603,"25.0":0.2580175633977378,"94.0":0.6311986129089199,"84.0":0.6583110717659324,"24.0":0.0734989145282547,"73.0":0.010208357410048607,"2.0":0.13517917823300882,"62.0":0.17638328122053218,"32.0":0.8522972927981404,"34.0":0.32116002853665226,"61.0":0.2393905412935669},"decisions_10":-0.14898012526097132,"experiment_score_10":{"5.0":0.08172829982700003,"91.0":0.038179893712667036,"3.0":0.16856245199458986,"70.0":0.15015260712322356,"54.0":0.02410544359697287,"52.0":0.612447947785929,"14.0":0.7903174756483076,"69.0":0.41216331782392684,"63.0":0.6714367126511708,"29.0":0.06522821594104769,"92.0":0.525163642093514,"87.0":0.6878212323970329,"57.0":0.16028050488988674,"7.0":0.38593395488712284,"74.0":0.21582186587256863,"83.0":0.1172687147414276,"65.0":0.30451536350895386,"38.0":0.060563978738794294,"51.0":0.26277958822645225,"20.0":0.2449087919983879,"98.0":0.2383075390375445,"17.0":0.5541102988518749,"36.0":0.10743711033835676,"90.0":0.04107232318153763,"18.0":0.016053692392925818,"82.0":0.3417444204849032,"45.0":0.011685981931245669,"81.0":0.25416587622349734,"55.0":0.42522612502230134,"77.0":0.7497284130836954,"19.0":0.18778959473376175,"97.0":0.5754228390001264,"48.0":0.2098980780301284,"30.0":0.033297071923646025,"80.0":0.1639927022880836,"12.0":0.09184267132626944,"58.0":0.2804219743645567,"84.0":0.47999917713164203,"26.0":0.03461836027624591,"15.0":0.28870565287140315,"71.0":0.3370574649181405,"34.0":0.2704628931246336,"33.0":0.13966460840648443,"96.0":0.1782510301629826,"22.0":0.3717674363628084,"78.0":0.004351855112913951,"8.0":0.378703448028833,"64.0":0.4731258979393895,"85.0":0.2540890496700078,"11.0":0.12024323258722422,"39.0":0.1576990614825941,"31.0":0.016132339712809966,"9.0":0.13860412532835195,"99.0":0.2519694430194419,"6.0":0.6071044947617905,"4.0":0.3093979530691678,"60.0":0.08071305568190104,"66.0":0.33627393788799825,"13.0":0.2712400227366105,