{"preference_consensus_t":"[0.0, 0.49156379947346124, 0.5084362005265387, 0.0]","hcva_point":1.6,"transition_point":2.000000000000001,"decisions_t":[0.21427155274821585,-0.05370711258300295],"action_judgement_consensus_1":[-0.23658536985787806,0.15491257408197087,0.670263579667384,-0.2462421393304943,0.23658536986669015,-0.15491257407517625,-0.6702635760807026,0.2462421392004087],"action_judgement_consensus_h":[-0.23089688014762214,0.14464571197385548,0.6499585797969382,-0.23899644027222727,0.23089688014762214,-0.14464571197385548,-0.6499585797969382,0.23899644027222727],"sample":0,"action_judgement_consensus_10":"[-0.21242221834966452, 0.11181919935634144, 0.5611269461892731, -0.1906067772304874, 0.21242221834966452, -0.11181919935634144, -0.5611269461892731, 0.1906067772304874]","situation":2,"_step":1,"decisions_h":[0.19599944230168193,-0.04128198147621011],"decisions_10":[0.21703184534012998,-0.05607971459049241],"_timestamp":1.7272683321297665e+09,"action_judgement_consensus_t":"[-0.22434814150138535, 0.13337617963241796, 0.6383356992545733, -0.2345820657121831, 0.22434814150138535, -0.13337617963241796, -0.6383356992545733, 0.2345820657121831]","preference_consensus_1":[5.1963053555972256e-20,0.5393394791182039,0.4606605209076219,5.1963053555972256e-20],"_runtime":112.430965175,"preference_consensus_10":"[0.0, 0.44482641391544364, 0.5551735860845564, 0.0]","experiment_score_10":{"10.0":0.49314609638755746,"80.0":0.2185442369334736,"88.0":0.039902834769311765,"72.0":0.4966875597437129,"14.0":0.22843997457926588,"85.0":0.10603924005258641,"51.0":0.590841906305528,"3.0":0.22370983062345898},"experiment_score_1":{"51.0":0.5549742005742468,"3.0":0.18784212489217786,"10.0":0.45727839065627635,"85.0":0.0701715343213053,"80.0":0.10063873691218363,"88.0":0.15780833479060175,"72.0":0.6145930597650029,"14.0":0.1105344745579759},"_wandb":{"runtime":117},"experiment_score_h":{"72.0":0.6047991305848898,"85.0":0.08500683701413836,"51.0":0.56980950326708,"3.0":0.20267742758501092,"10.0":0.4721136933491094,"14.0":0.12032840373808898,"80.0":0.11043266609229671,"88.0":0.14801440561048868},"experiment_score_t":{"3.0":0.22094953803154485,"10.0":0.49038580379564334,"85.0":0.10327894746067229,"88.0":0.06586575459568171,"72.0":0.5226504795700828,"14.0":0.20247705475289593,"80.0":0.19258131710710366,"51.0":0.5880816137136139},"decisions_1":[0.18116413960884886,-0.029883565159162365],"preference_consensus_h":[0,0.5153616661737305,0.4846383338262696,0],"iteration":0}