{"iteration":0,"decisions_1":[-0.13998935875925855,0.09216272316893483],"_wandb":{"runtime":486},"decisions_h":[-0.1363185022856705,0.08074448396572],"decisions_10":[-0.19382109277971674,-0.06528068666915783],"sample":2,"decisions_t":[-0.1753232399771386,-0.03601616229467722],"situation":1,"preference_consensus_h":[0,0.40801310708621275,0.5919868929137873,0],"preference_consensus_1":[9.253953462574755e-21,0.40551619684374196,0.5944838027759038,9.253953462574755e-21],"_timestamp":1.7271027843237567e+09,"experiment_score_h":{"93.0":0.44453933714961036,"82.0":0.39189692679600946,"53.0":0.0240729238151038,"49.0":0.20553999497983577,"47.0":0.1374561454259292,"94.0":0.15037160089861276,"32.0":0.2388003405464713,"1.0":0.17622087107021966,"3.0":0.11134693158590706,"38.0":0.13677640553063314,"44.0":0.22162709872187328,"68.0":0.06998163185453816},"action_judgement_consensus_10":"[-0.10812626414274683, -0.027382637801756756, -0.25469597568795216, -0.09220225619614718, 0.10812626414274683, 0.027382637801756756, 0.25469597568795216, 0.09220225619614718]","preference_consensus_t":"[0.0, 0.41082482298603673, 0.5891751770139633, 0.0]","action_judgement_consensus_t":"[-0.04658985215426864, 0.021288803934391247, -0.2650874957164295, -0.07597423168686399, 0.04658985215426864, -0.021288803934391247, 0.2650874957164295, 0.07597423168686399]","transition_point":3.8000000000000025,"hcva_point":1.1,"action_judgement_consensus_h":[0.1542070180107678,0.25288746956483593,-0.33655641573091194,-0.037901038862808614,-0.1542070180107678,-0.25288746956483593,0.33655641573091194,0.037901038862808614],"_runtime":443.49943005,"experiment_score_t":{"38.0":0.09777166783916502,"68.0":0.10898636954600628,"49.0":0.21085040677064787,"47.0":0.14362783135642906,"32.0":0.27780507823793943,"93.0":0.4383676512191105,"1.0":0.17091045927940757,"94.0":0.1441999149681129,"3.0":0.1051752456554072,"44.0":0.2606318364133414,"53.0":0.02938333560591591,"82.0":0.38658651500519736},"experiment_score_10":{"49.0":0.2081461138906533,"32.0":0.2963029310405175,"47.0":0.18446504437066832,"93.0":0.3975304382048712,"82.0":0.38929080788519194,"68.0":0.12748422234858442,"94.0":0.10336270195387365,"44.0":0.2791296892159195,"1.0":0.17361475215940217,"38.0":0.0792738150365869,"53.0":0.026679042725921316,"3.0":0.06433803264116794},"_step":6,"action_judgement_consensus_1":[0.16070786532357048,0.27328813933247276,-0.345104442123019,-0.031388649528448546,-0.1607078706646696,-0.27328813930744345,0.345104441742406,0.03138864975457915],"experiment_score_1":{"44.0":0.22529795519546134,"94.0":0.1724916577104477,"93.0":0.4666593939614453,"38.0":0.13310554905704508,"1.0":0.18719698466307153,"82.0":0.4028730403888613,"47.0":0.11533608861409428,"3.0":0.133466988397742,"49.0":0.19456388138698394,"68.0":0.07365248832812622,"53.0":0.013096810222251953,"32.0":0.24247119702005937},"preference_consensus_10":"[0.0, 0.41533057728274414, 0.5846694227172559, 0.0]"}