{"hcva_point":1.6,"iteration":0,"preference_consensus_1":[4.8582335846919235e-20,0.4666056256982567,0.5333943742962687,4.8582335846919235e-20],"transition_point":2.7000000000000015,"decisions_h":0.14643407273661405,"preference_consensus_h":[0,0.46938138106882243,0.5306186189311775,0],"action_judgement_consensus_t":"[0.37324941824025387, -0.16777599146083186, -0.0719258346832198, 0.19009666255886465, -0.37324941824025387, 0.16777599146083186, 0.0719258346832198, -0.19009666255886465]","action_judgement_consensus_10":"[0.39334007599116516, -0.1809935570274407, -0.10351809196002416, 0.09599238366527615, -0.39334007599116516, 0.1809935570274407, 0.10351809196002416, -0.09599238366527615]","preference_consensus_t":"[0.0, 0.47199802447884115, 0.5280019755211588, 0.0]","experiment_score_t":{"28.0":0.33678957561862877,"20.0":0.1270822286887426,"3.0":0.2130061388788095,"42.0":0.08621948884964656},"sample":0,"decisions_t":0.13819600524352824,"experiment_score_h":{"28.0":0.3450276431117146,"20.0":0.1188441611956568,"3.0":0.2047680713857237,"42.0":0.07798142135656075},"decisions_1":0.15084569147899904,"experiment_score_1":{"20.0":0.11443254245327181,"3.0":0.2003564526433387,"42.0":0.07356980261417576,"28.0":0.34943926185409957},"_runtime":70.643515148,"action_judgement_consensus_1":[0.3589035551485056,-0.12784077756903445,-0.03116029571614189,0.422712805121984,-0.35890355406537516,0.12784077878896027,0.0311602899457512,-0.4227128054666266],"experiment_score_10":{"20.0":0.1317630538891589,"3.0":0.2176869640792258,"42.0":0.09090031405006285,"28.0":0.3321087504182125},"_wandb":{"runtime":88},"action_judgement_consensus_h":[0.36584694389154476,-0.14133728256140604,-0.04765696141221738,0.36048833034724626,-0.36584694389154476,0.14133728256140604,0.04765696141221738,-0.36048833034724626],"decisions_10":0.13351518004311194,"situation":1,"_timestamp":1.7272688094826336e+09,"_step":0,"preference_consensus_10":"[0.0, 0.4770642555410741, 0.5229357444589259, 0.0]"}