{"_runtime":1132.451121805,"hcva_point":1.7,"experiment_score_t":{"41.0":0.10375049554151206,"35.0":0.3539882504428564,"66.0":0.27943039653183627,"3.0":0.3165961986686777,"87.0":0.16056764953580954,"46.0":0.24990983458955643,"89.0":0.11880075077466573,"53.0":0.13991963250638398,"1.0":0.5682725085056801,"62.0":0.2876880480948141,"51.0":0.012659772239086018,"84.0":0.37854290505663657,"94.0":0.7254364159486935,"32.0":0.47123183810766484,"60.0":0.3622424054539424,"65.0":0.284101537545005,"20.0":0.025468739249645277,"82.0":0.25498863347812306,"79.0":0.8485285134406002,"92.0":0.0677416827059028,"88.0":0.5736766970597336,"85.0":0.1655358485022031,"18.0":0.5835047289214108,"22.0":0.09421162651115361},"_step":17,"transition_point":3.400000000000002,"situation":3,"experiment_score_h":{"51.0":0.05245775289113673,"94.0":0.6289454547523998,"53.0":0.13586181871988715,"3.0":0.31651747567342786,"41.0":0.10382921853676191,"20.0":0.021410925463148444,"1.0":0.5963029678467817,"82.0":0.2744587561683994,"18.0":0.48701376772511706,"65.0":0.3035716602352813,"35.0":0.382018709783958,"89.0":0.09077029143356413,"87.0":0.20036563018786024,"22.0":0.09826944029765045,"32.0":0.43143385745561413,"60.0":0.32244442480189167,"79.0":0.8765589727817018,"88.0":0.4771857358634398,"92.0":0.06782040570115266,"46.0":0.24983111159430657,"84.0":0.2820519438603429,"66.0":0.27537258274533943,"62.0":0.30715817078509033,"85.0":0.1460657258119268},"action_judgement_consensus_h":[-0.1686971326601535,-0.18504347861662845,0.041341308269354365,-0.28337775469439164,0.1686971326601535,0.18504347861662845,-0.041341308269354365,0.28337775469439164],"preference_consensus_h":[0,0.4406724200936523,0.5593275799063476,0],"experiment_score_10":{"87.0":0.15893396847627775,"35.0":0.31540748717819467,"46.0":0.2507066372650328,"32.0":0.47286551916719666,"41.0":0.10295369286603573,"53.0":0.17510408715811504,"92.0":0.06694488003042648,"65.0":0.27189847247354876,"20.0":0.06065319390137636,"62.0":0.27548498302335783,"94.0":0.7820755547459142,"51.0":0.011026091179554217,"85.0":0.17773891357365934,"66.0":0.31461485118356736,"89.0":0.15738151403932754,"88.0":0.6303158358569543,"3.0":0.31739300134415405,"18.0":0.6401438677186315,"79.0":0.8099477501759385,"1.0":0.5296917452410184,"82.0":0.24278556840666682,"22.0":0.059027171859422536,"84.0":0.4351820438538573,"60.0":0.36387608651347414},"preference_consensus_10":"[0.0, 0.45368692122762894, 0.5463130787723711, 0.0]","iteration":0,"action_judgement_consensus_10":"[-0.15163895757796472, -0.21002249535260498, 0.10801761114369142, -0.21192751657742545, 0.15163895757796472, 0.21002249535260498, -0.10801761114369142, 0.21192751657742545]","_timestamp":1.7271022118994622e+09,"action_judgement_consensus_1":[-0.1764563034942068,-0.1751995451405687,0.015817833487847422,-0.2944430620873253,0.17645630363291034,0.175199542680351,-0.015817833459137395,0.2944430615289014],"decisions_10":[-0.009785178096166997,-0.21106323336306337],"decisions_1":[-0.06815176436617683,-0.24236725855637525],"action_judgement_consensus_t":"[-0.1523489039889165, -0.2053704639464975, 0.10192377381811923, -0.2548978677407194, 0.1523489039889165, 0.2053704639464975, -0.10192377381811923, 0.2548978677407194]","decisions_h":[-0.051216839807749506,-0.24004455127704638],"preference_consensus_1":[-6.935950258506525e-20,0.43671811075138905,0.5632818889408732,-6.935950258506525e-20],"decisions_t":[-0.011418859155698798,-0.2328209131940943],"experiment_score_1":{"1.0":0.6306170661049983,"32.0":0.4144989328971868,"60.0":0.30550950024346435,"20.0":0.014491384375778033,"51.0":0.06939267744956405,"89.0":0.05645619317534745,"85.0":0.13909419418837768,"66.0":0.268453041657969,"65.0":0.3105431918588304,"62.0":0.31412970240863947,"22.0":0.10518898138502086,"92.0":0.06710187840238763,"87.0":0.21730055474628757,"35.0":0.41633280804217476,"94.0":0.6117194961360181,"82.0":0.28143028779194845,"88.0":0.45995977724705805,"3.0":0.3172360029721929,"84.0":0.2648259852439611,"18.0":0.4697878091087353,"79.0":0.9108730710399185,"53.0":0.12894227763251673,"41.0":0.10311069123799688,"46.0":0.25054963889307164},"sample":5,"preference_consensus_t":"[0.0, 0.44575230792131076, 0.5542476920786893, 0.0]","_wandb":{"runtime":1189}}