p,Dist_p,Dist_inf,Diff
1.1,0.0017116870623961984,0.010290467092952414,0.008578780030556215
1.2000000000000002,0.0016568097796487633,0.0097313590733579,0.008074549293709137
1.3000000000000003,0.0016750919116418164,0.009218148868868563,0.007543056957226747
1.4000000000000004,0.0017752476129914469,0.008710924788072326,0.00693567717508088
1.5000000000000004,0.001968240323685007,0.008177464709424365,0.006209224385739358
1.6000000000000005,0.0022644952086045807,0.007592381296584081,0.0053278860879795
1.7000000000000006,0.0026707189060452803,0.006938144862770634,0.0042674259567253535
1.8000000000000007,0.003186788023181575,0.006206863705300281,0.003020075682118706
1.9000000000000008,0.003803610236177652,0.005401572365098634,0.001597962128920982
