p,Dist_p,Dist_inf,Diff
1.1,0.004039841412381515,0.1008539425550919,0.09681410114271038
1.2000000000000002,0.005316533531012238,0.0942112768929236,0.08889474336191137
1.3000000000000003,0.005212666848931421,0.08998968019202261,0.08477701334309119
1.4000000000000004,0.006521614886041481,0.08512312557021176,0.07860151068417028
1.5000000000000004,0.011219788717740193,0.07744941000825893,0.06622962129051874
1.6000000000000005,0.018243590927468842,0.06790136783133595,0.04965777690386711
1.7000000000000006,0.024318065309071397,0.05965936634971931,0.03534130104064791
1.8000000000000007,0.030392351010541944,0.05170421784863708,0.021311866838095137
1.9000000000000008,0.03564407196135732,0.044805355921480425,0.009161283960123105
