p,Dist_p,Dist_inf,Diff
1.1,0.0015726236038722209,0.011068938155691013,0.00949631455181879
1.2000000000000002,0.0015867375382539242,0.010408129218182648,0.008821391679928724
1.3000000000000003,0.0016732674239898714,0.009800304262076757,0.008127036838086885
1.4000000000000004,0.001838788543805973,0.009206028437685696,0.007367239893879723
1.5000000000000004,0.002090795717707593,0.008595415699865916,0.006504619982158323
1.6000000000000005,0.0024355602733478077,0.007946435448745215,0.005510875175397407
1.7000000000000006,0.002876001596442421,0.007244768658669145,0.004368767062226724
1.8000000000000007,0.003409866489452647,0.0064842264322343855,0.0030743599427817386
1.9000000000000008,0.004028675976307801,0.005666907237829904,0.001638231261522103
