p,Dist_p,Dist_inf,Diff
1.1,0.0016765420239691147,0.04232947356399874,0.04065293154002963
1.2000000000000002,0.0019391762821876096,0.03981565619015576,0.03787647990796815
1.3000000000000003,0.0027103144304868494,0.03722985942380433,0.03451954499331748
1.4000000000000004,0.002796506738769288,0.035651146921277146,0.03285464018250786
1.5000000000000004,0.004555406364972826,0.03264392036080249,0.028088513995829664
1.6000000000000005,0.006975590810389324,0.029164743293110397,0.022189152482721075
1.7000000000000006,0.010070166176663321,0.025160826803437314,0.015090660626773993
1.8000000000000007,0.012389576238252044,0.022052339691256098,0.009662763453004054
1.9000000000000008,0.014802374012509093,0.018948518018929633,0.00414614400642054
