{"experiment_score_t":{"51.0":0.38021145885300917,"95.0":0.33766027360287504,"50.0":0.04652272430098456,"74.0":0.16024095590194568},"_step":0,"_wandb":{"runtime":62},"_runtime":61.544180477,"decisions_1":0.052831860637769935,"action_judgement_consensus_10":"[-0.11055206998513782, -0.34725025054193515, 0.06688420615126521, 0.048416179977723114, 0.11055206998513782, 0.34725025054193515, -0.06688420615126521, -0.048416179977723114]","iteration":0,"preference_consensus_10":0.42089555686243313,"preference_consensus_1":0.4257551359201013,"situation":1,"_timestamp":1.7273394575486271e+09,"preference_consensus_t":0.42291356627111837,"sample":0,"action_judgement_consensus_t":"[-0.09083156290406999, -0.37399891593423384, 0.05174447749536424, 0.02629222843812506, 0.09083156290406999, 0.37399891593423384, -0.05174447749536424, -0.02629222843812506]","experiment_score_1":{"95.0":0.3990449984554205,"50.0":0.10790744915353002,"74.0":0.22162568075449113,"51.0":0.3188267340004637},"decisions_h":0.011237380506557336,"action_judgement_consensus_h":"[-0.012763297995896785, -0.4312494321647221, 0.028944235039881482, -0.06225212476208857, 0.012763297995896785, 0.4312494321647221, -0.028944235039881482, 0.06225212476208857]","transition_point":3.7000000000000024,"experiment_score_h":{"51.0":0.3604212141316763,"95.0":0.3574505183242079,"50.0":0.06631296902231743,"74.0":0.18003120062327854},"experiment_score_10":{"95.0":0.338415203716888,"50.0":0.0472776544149975,"74.0":0.1609958860159586,"51.0":0.3794565287389962},"decisions_10":-0.007797934100762592,"decisions_t":-0.008552864214775534,"preference_consensus_h":0.4245481150403825,"action_judgement_consensus_1":[0.10894839916572836,-0.4818421887275872,0.011226082366405557,-0.17282937249456237,-0.10894839917175438,0.48184219330714845,-0.011226088835345663,0.17282937062136605],"hcva_point":2.1}