{"_step":12,"situation":13,"preference_consensus_t":0.4705555937334375,"_wandb":{"runtime":822},"preference_consensus_10":0.4657072882480556,"experiment_score_t":{"83.0":0.27111661369534934,"51.0":0.7917423430762793,"4.0":0.006164857108660632,"71.0":0.2548650969076509,"56.0":0.2177309115705462,"34.0":0.22040638641234322,"38.0":0.2264067783460472,"68.0":0.10768323309832299,"99.0":0.3069254626654336,"39.0":0.5009718915348255,"41.0":0.01963064308876772,"77.0":0.12756090423380886,"2.0":0.3879318910258099,"75.0":0.08424789927524057,"86.0":0.44819588480501543,"27.0":0.29305298713314054,"76.0":0.10346493771737406,"29.0":0.3085206496247511,"23.0":0.014006549693044594,"33.0":0.15301050089118717,"8.0":0.12377412531599713,"28.0":0.456518183141952,"49.0":0.25356853923046374,"32.0":0.17749586107560228,"35.0":0.4338546745008809,"84.0":0.1690440914798664,"17.0":0.23468338057000765,"62.0":0.057308892271908045,"89.0":0.15528129018491402,"50.0":0.941308758045254,"92.0":0.45452555526369476,"22.0":0.4069480255391785,"55.0":0.02291150903082123,"15.0":0.1257919954102718,"61.0":0.022484807069991897,"91.0":0.45379980638061046,"69.0":0.20338366578349626,"46.0":0.18603257948519342,"78.0":0.49031268948142276,"93.0":0.6415806203884511,"57.0":8.180621958093354e-05,"65.0":0.15495975514130556,"97.0":0.27420139695732143,"94.0":0.2797039293525557,"48.0":0.7953396787399939,"42.0":0.4368498293712654,"16.0":0.33090595615564256,"10.0":0.03534440461813643,"47.0":0.36808720491065,"3.0":0.3409620406955016,"37.0":0.04939764942918928,"5.0":0.32834119758995317},"action_judgement_consensus_h":[-0.15300089476437034,0.4111202424272931,0.29933305532817006,-0.14752392990224739,0.15300089476437034,-0.4111202424272931,-0.29933305532817006,0.14752392990224739],"action_judgement_consensus_t":"[-0.03704844966196592, 0.4165490698169289, 0.24607815341825423, -0.08026991105480268, 0.03704844966196592, -0.4165490698169289, -0.24607815341825423, 0.08026991105480268]","experiment_score_1":{"5.0":0.36704133592053256,"33.0":0.21264684413824717,"57.0":0.03690682590642127,"2.0":0.3881327268826408,"48.0":0.7955405145968248,"71.0":0.18396343924022457,"92.0":0.47318960212416045,"47.0":0.42772354815770997,"4.0":0.04486499543924005,"84.0":0.011236700231251118,"22.0":0.6715257143987954,"46.0":0.0785451093744235,"75.0":0.0684503404685283,"23.0":0.1020126144079716,"41.0":0.019224364183571346,"91.0":0.45420608528580686,"3.0":0.3251644818887894,"37.0":0.010238693817870709,"86.0":0.7127735736646323,"35.0":0.4326591309379139,"56.0":0.18945676667984596,"38.0":0.2633954104720494,"78.0":0.5089767363418884,"99.0":0.46473285391404884,"15.0":0.12459645184730483,"17.0":0.23508965947520402,"61.0":0.02289108597518827,"94.0":0.26103988249209004,"76.0":0.19147100243230109,"97.0":0.27300585339435446,"69.0":0.13248200811606992,"10.0":0.019546845811424157,"93.0":0.6257830615817388,"29.0":0.3681569928718111,"27.0":0.33175312546371993,"49.0":0.41137593047907905,"32.0":0.1763003175126353,"65.0":0.41953744400092247,"83.0":0.18311054898042234,"55.0":0.13489588221779406,"8.0":0.08507398698541771,"42.0":0.365948171703839,"77.0":0.03955483951888186,"34.0":0.24868053130304346,"28.0":0.4751822300024177,"50.0":0.941509593902085,"62.0":0.020320260145905843,"51.0":0.7547537109502771,"39.0":0.5011727273916563,"68.0":0.13595737798902324,"16.0":0.40180761382306895,"89.0":0.18355543507561425},"action_judgement_consensus_10":"[0.19319799564343232, 0.456038480013949, 0.1316911926466912, 0.016916218445896088, -0.19319799564343232, -0.456038480013949, -0.1316911926466912, -0.016916218445896088]","decisions_1":0.04194968893668358,"_runtime":770.236516113,"_timestamp":1.727363681721283e+09,"action_judgement_consensus_1":[-0.3644806128156216,0.39812459293742675,0.4107169673451383,-0.23506630665329561,0.3644806128191873,-0.398124591436612,-0.41071696734880947,0.2350663066553594],"preference_consensus_1":0.47570746851615436,"experiment_score_10":{"47.0":0.3182424307355761,"97.0":0.2718897054049772,"22.0":0.3816394684187277,"51.0":0.8287353948827536,"78.0":0.45031564166372756,"68.0":0.060833331372927166,"62.0":0.09430194407838227,"46.0":0.21134113660564424,"10.0":0.046322891166572094,"29.0":0.2586758754496772,"92.0":0.41452850744599956,"86.0":0.4228873276845646,"55.0":0.09506834089817204,"69.0":0.25086767825849726,"8.0":0.17203667902935404,"71.0":0.3023491093826519,"4.0":0.04209769660469629,"28.0":0.41652113532425683,"16.0":0.2834219436806416,"39.0":0.4725772548991453,"33.0":0.1031657267161133,"5.0":0.2800786438765962,"56.0":0.264580813295942,"48.0":0.7669450421043138,"77.0":0.20948396458953283,"17.0":0.23353823833496984,"15.0":0.12348030385792758,"94.0":0.3197009771702509,"91.0":0.45265466414557265,"27.0":0.24479043341978363,"84.0":0.2412009233472172,"42.0":0.4843338418462663,"38.0":0.18941372653957297,"50.0":0.912914121409574,"49.0":0.18141170736311293,"61.0":0.021339664834954086,"57.0":0.03707485802605515,"99.0":0.23476863079808277,"75.0":0.09522638582367624,"76.0":0.021541877361650114,"32.0":0.17518416952325805,"3.0":0.3519405272439373,"35.0":0.43154298294853666,"65.0":0.12965119802085476,"93.0":0.6525591069368868,"89.0":0.10843138845951819,"83.0":0.3530396740510733,"37.0":0.09924242360426316,"23.0":0.06791651066267936,"34.0":0.1735564846869474,"41.0":0.02077578532380553,"2.0":0.35953725439012973},"decisions_t":0.11285134660410992,"preference_consensus_h":0.4719764183598456,"iteration":0,"decisions_10":0.1603353590791109,"experiment_score_h":{"50.0":0.9361035087282463,"33.0":0.18356098664801465,"78.0":0.4951904058545148,"86.0":0.6502998319281176,"46.0":0.01607136763790873,"23.0":0.07874826080673712,"93.0":0.633535481697933,"65.0":0.3570637022644077,"4.0":0.040264687323595255,"34.0":0.23202969877864024,"61.0":0.022735731250430408,"62.0":0.02849624426758411,"37.0":0.018847163672361805,"83.0":0.20637490258165683,"42.0":0.40984058042808713,"16.0":0.3579152050988208,"17.0":0.23493430475044616,"41.0":0.019379718908329208,"8.0":0.0896742951010625,"77.0":0.06281919312011634,"49.0":0.35573516229900315,"57.0":0.028730841784743,"51.0":0.7629296950719554,"2.0":0.3827266417088021,"69.0":0.17637441684031804,"38.0":0.25521942635037115,"35.0":0.43257423013568774,"71.0":0.22785584796447267,"68.0":0.11930654546462002,"28.0":0.46139589951504406,"56.0":0.20610759920424915,"3.0":0.3329169020049835,"97.0":0.2729209525921283,"27.0":0.32715281734807516,"22.0":0.6090519726622807,"39.0":0.4957666422178177,"76.0":0.1682066488310666,"47.0":0.39863769066747745,"75.0":0.07620276058472242,"15.0":0.12451155104507866,"94.0":0.2748262129794637,"91.0":0.454050730561049,"10.0":0.027299265927618277,"89.0":0.16690460255121103,"92.0":0.4594032716367868,"29.0":0.33907113538157857,"48.0":0.7901344294229862,"55.0":0.0792551140377182,"32.0":0.17621541671040913,"99.0":0.40909208573397304,"84.0":0.06687746841132697,"5.0":0.36244102780488774},"hcva_point":1.8,"decisions_h":0.08584209766093169,"sample":0,"transition_point":2.200000000000001}