{"iteration":0,"decisions_1":0.3729524789516625,"decisions_h":0.3232843810134789,"sample":1,"preference_consensus_t":0.44509110526095785,"experiment_score_t":{"13.0":0.11487828422652355,"32.0":0.04877516408482799,"3.0":0.10823670111079658,"27.0":0.08135693024929158,"36.0":0.4136944767201346,"16.0":0.31213880896449475,"18.0":0.0294531002614146,"30.0":0.3259447381331923,"29.0":0.14456823860911577,"99.0":0.48549734191837857,"31.0":0.0034053130448504013,"35.0":0.055345753301991235,"11.0":0.21467599791501613,"65.0":0.2411103937316552,"49.0":0.07497142533012643,"10.0":0.1306730972655571,"1.0":0.10153170478574812,"64.0":0.3244374648331469,"54.0":0.3994064738291524,"26.0":0.24789732107670615,"23.0":0.015060471776740317,"8.0":0.30751383131368326,"78.0":0.46080179101362573,"7.0":0.12813918217258338,"93.0":0.09037747006777386,"34.0":0.2910463726720284,"83.0":0.09285028417591443,"59.0":0.024254113345258475,"9.0":0.06657748522392846,"14.0":0.5716823620137081,"53.0":0.36961345526077266,"92.0":0.5896279549807897,"88.0":0.380353941952969,"62.0":0.49733614994364983,"25.0":0.446281161387202,"56.0":0.21821136692536697,"42.0":0.08315088406833027,"52.0":0.0606465640802516,"85.0":0.12408051688098339,"24.0":0.03974208007207634,"12.0":0.09784154067316408,"21.0":0.42205260811334433,"5.0":0.08288022816751206,"57.0":0.09830220726416405,"51.0":0.07897856117697008,"75.0":0.14898313416304143,"17.0":0.3208047506116894,"15.0":0.2904613247480306,"45.0":0.1515485968824688,"68.0":0.17004259271280212,"20.0":0.3909502940628453,"41.0":0.6043933573009308,"94.0":0.15145102437659788,"38.0":0.2292931004923889,"33.0":0.022578099577276675,"79.0":0.2968499516338552,"67.0":0.8001540370097133,"44.0":0.5865674081122556,"69.0":0.3234603592681724,"70.0":0.3743099974108538,"55.0":0.16749973880137287,"98.0":0.45366303584750717,"89.0":0.01815937922773303,"60.0":0.4819976081875528,"46.0":0.028285709034569593,"2.0":0.8071565120494915,"28.0":0.465180459109394,"71.0":0.13336982453922627,"0.0":0.22019444570888616,"90.0":0.2127596934396219,"91.0":0.1091232768065738,"80.0":0.08858731318163077,"39.0":0.534019409268868,"37.0":0.2745472224136633,"95.0":0.07374234565791596,"6.0":0.2332943180713038,"87.0":0.017141220246369937,"4.0":0.0454660037728392,"76.0":0.1206567014109744,"50.0":0.16019374506613704,"48.0":0.07178902060939882,"97.0":0.08428558082689142,"58.0":0.3402642177101276,"72.0":0.41039474658835107,"19.0":0.28856037667249834,"61.0":0.19430733660271227,"43.0":0.05426975188792261,"84.0":0.37569833844148853,"86.0":0.05055600813568645,"74.0":0.28353750208712336,"40.0":0.23682826834700738,"47.0":0.19584150259669858,"73.0":0.11742322392707694,"22.0":0.3512660136620635,"81.0":0.11656591145418041,"82.0":0.03266921203858107,"96.0":0.42935535370109357,"66.0":0.7612781097732229,"77.0":0.267462673538431,"63.0":0.19421293466987288},"preference_consensus_h":0.44175252427141354,"experiment_score_1":{"79.0":0.2659319551713357,"81.0":0.22192895647378297,"29.0":0.11365024214659636,"45.0":0.09712338575282745,"0.0":0.2795528586095069,"71.0":0.19272823743984702,"54.0":0.36848847736663304,"27.0":0.05841155115554664,"90.0":0.18184169697710248,"87.0":0.1340559860852973,"2.0":0.8301018911432364,"18.0":0.07590994475818796,"52.0":0.06390180459076233,"64.0":0.5029355277323424,"46.0":0.09626265963644434,"89.0":0.049077375690252445,"88.0":0.40329932104671395,"3.0":0.07731870464827717,"75.0":0.2658979000019688,"40.0":0.26027111496102767,"76.0":0.17417165794682674,"16.0":0.20677576394489217,"96.0":0.48871376660171434,"11.0":0.1837580014524967,"7.0":0.07462422563673106,"31.0":0.05010964349100193,"85.0":0.018717471861380827,"99.0":0.53992255304802,"9.0":0.03565948876140905,"44.0":0.5321421969826142,"32.0":0.004739792451024346,"49.0":0.10588942179264585,"10.0":0.24758786310448447,"19.0":0.4131087453435123,"67.0":0.8235968836237335,"34.0":0.4155947413430423,"66.0":0.7842234888669678,"68.0":0.2869573585517295,"61.0":0.015809273703516813,"26.0":0.4263953839759016,"55.0":0.2268581517019936,"28.0":0.4886233057234143,"53.0":0.47497650028037525,"20.0":0.33652508293320393,"21.0":0.305137842274417,"65.0":0.26405577282540016,"51.0":0.10242140779099038,"59.0":0.15424394955393697,"60.0":0.5049429872812977,"80.0":0.06514446656761047,"56.0":0.3967094298245624,"37.0":0.3799102674332659,"83.0":0.03169808449509951,"38.0":0.28865151339300965,"58.0":0.3996226306107484,"13.0":0.23942665289753748,"14.0":0.6310407749143289,"57.0":0.007060837755438504,"23.0":0.10185429406218706,"33.0":0.20107616247647214,"22.0":0.3747088602760838,"36.0":0.59219253961933,"69.0":0.44800872793918634,"1.0":0.047106493656106745,"72.0":0.46975315948897184,"95.0":0.014383932757295215,"70.0":0.39725537650459875,"15.0":0.3439762812838829,"25.0":0.5631959272261293,"97.0":0.1387107919565328,"42.0":0.13757609519797165,"48.0":0.19633738928041275,"17.0":0.426167795631292,"5.0":0.207428596838526,"82.0":0.0217559990910603,"63.0":0.01571487177067743,"12.0":0.04432658413731175,"73.0":0.06299801279743555,"91.0":0.21448632182617636,"6.0":0.3502090839102312,"74.0":0.15898913341610946,"41.0":0.6278362039149512,"39.0":0.556964788362613,"47.0":0.017343439697503127,"30.0":0.3493875847472126,"78.0":0.48374717010737067,"4.0":0.1623807696117666,"92.0":0.5587099585182703,"98.0":0.40014807931165486,"77.0":0.38437743937735835,"94.0":0.09702581324695651,"50.0":0.21370870160198938,"24.0":0.013772876463775993,"86.0":0.02711316152166615,"84.0":0.39914118505550883,"62.0":0.4379777370430291,"8.0":0.3304592104074282,"43.0":0.15963279690752516,"35.0":0.0018307967661389023,"93.0":0.2688755329669693},"experiment_score_h":{"59.0":0.08741843264469834,"46.0":0.009078617885767644,"85.0":0.008791959295783025,"34.0":0.32841069959236563,"88.0":0.35363122310853035,"39.0":0.5072966904244294,"75.0":0.20938306950000546,"15.0":0.33769397774553267,"51.0":0.04761033671987522,"60.0":0.4552748893431141,"74.0":0.24617317516678616,"53.0":0.484902012845973,"8.0":0.2807911124692446,"5.0":0.1202445550878493,"12.0":0.05060888767566203,"66.0":0.7345553909287842,"21.0":0.36165267277638036,"42.0":0.14530562946886616,"97.0":0.1464403262274273,"54.0":0.39573244566443677,"24.0":0.007490572925425711,"45.0":0.0893938514819329,"96.0":0.4756430069307685,"3.0":0.10456267294608096,"36.0":0.5253670227100914,"86.0":0.08192423259278131,"94.0":0.08929627897606199,"44.0":0.5244126627117197,"17.0":0.43609330819688974,"99.0":0.5476520873189145,"20.0":0.3287955486623094,"25.0":0.506681096724166,"82.0":0.02948553336195483,"50.0":0.20742639806363908,"37.0":0.38983577999886365,"13.0":0.15224261114686077,"41.0":0.573025132843836,"23.0":0.04533946356022371,"22.0":0.31989778920496864,"73.0":0.05526847852654103,"68.0":0.23044252804976614,"57.0":0.016986350321036306,"26.0":0.35956986706666294,"89.0":0.021833407392448656,"47.0":0.08416895660674176,"30.0":0.29457651367609744,"91.0":0.22441183439177415,"10.0":0.19107303260252112,"64.0":0.43611001082310374,"4.0":0.10586593910980323,"56.0":0.3298839129153238,"93.0":0.20205001605773068,"29.0":0.14089421044440015,"31.0":0.043827339952651645,"32.0":0.0015425110873259367,"77.0":0.32786260887539503,"63.0":0.08254038867991606,"16.0":0.19685025137929438,"7.0":0.08090652917508134,"95.0":0.027454692428241056,"70.0":0.34758727856641514,"48.0":0.10915334752973606,"6.0":0.2936942534082678,"79.0":0.29317592346913957,"49.0":0.07864545349484206,"83.0":0.05548595725557719,"78.0":0.43407907216918706,"38.0":0.2755807537220638,"72.0":0.456682399818026,"81.0":0.23185446903938078,"76.0":0.16788935440847644,"80.0":0.11995553763872563,"19.0":0.3259247035928356,"62.0":0.45104849671397496,"58.0":0.38655187093980253,"9.0":0.06290345705921284,"0.0":0.26648209893856106,"18.0":0.08583545732378575,"87.0":0.07754115558333396,"69.0":0.36082468618850966,"92.0":0.585953926816074,"52.0":0.02328223715991436,"55.0":0.21378739203104777,"2.0":0.7804337932050528,"71.0":0.17965747776890117,"98.0":0.4064303828500051,"35.0":0.008113100304489185,"28.0":0.4338122346522991,"43.0":0.16955830947312298,"27.0":0.10807964909373025,"61.0":0.08263479061275544,