{"action_judgement_consensus":[[-0.1329759427182393,0.26557751439370664,0.2993117595729328,0.20403180429199805,0.13297594278462532,-0.26557751433238375,-0.29931175962441064,-0.204031804277816],"[-0.17915222476662604, 0.3114592214046459, 0.4123975160093899, 0.1892972339261239, 0.17915222476662604, -0.3114592214046459, -0.4123975160093899, -0.1892972339261239]","[-0.17155137952939398, 0.2893003584812946, 0.3953029300879901, 0.19937001493892564, 0.17155137952939398, -0.2893003584812946, -0.3953029300879901, -0.19937001493892564]",[-0.14596816436261403,0.27503472804853907,0.32704068063735553,0.20233665563581538,0.14596816436261403,-0.27503472804853907,-0.32704068063735553,-0.20233665563581538]],"hcva_point":1.6,"_wandb":{"runtime":1341},"experiment_score":[{"66.0":0.19320147695816514,"87.0":0.17976464915720886,"39.0":0.13179813875494464,"26.0":0.2136511665532359},{"26.0":0.17873089008764498,"66.0":0.15828120049257421,"87.0":0.21468492562279978,"39.0":0.16671841522053557},{"26.0":0.18045318171880131,"66.0":0.16000349212373055,"87.0":0.21296263399164345,"39.0":0.16499612358937923},{"87.0":0.18807627490194925,"39.0":0.14010976449968507,"26.0":0.20533954080849548,"66.0":0.18488985121342472}],"transition_point":3.0000000000000018,"iteration":0,"_timestamp":1.7270999630273445e+09,"sample":6,"_step":20,"decisions":[[0.11210477163628668,0.23068485725133517],[0.1470250481018776,0.24409977353865817],[0.14530275647072127,0.2390320605785331],[0.1204163973810271,0.2340933284024666]],"situation":3,"_runtime":1292.03902957,"preference_consensus":[[-2.9206285669723905e-20,0.43306110024527344,0.5669388998886006,-2.9206285669723905e-20],"[0.0, 0.44860550113569025, 0.5513944988643097, 0.0]","[0.0, 0.44103073642681523, 0.5589692635731848, 0.0]",[0,0.4368296395310361,0.5631703604689638,0]]}