{"_step":34,"action_judgement_consensus_h":"[0.14252812436358323, 0.25637504225380675, -0.036200413098677574, -0.12475882630007566, -0.14252812436358323, -0.25637504225380675, 0.036200413098677574, 0.12475882630007566]","decisions_10":0.02108643294117818,"experiment_score_t":{"56.0":0.017714055844635354,"14.0":0.05377558816899525,"33.0":0.31088374295185184,"51.0":0.12514158547700677,"80.0":0.17175086683503096,"42.0":0.11297066421701674,"44.0":0.5661666861477607,"9.0":0.1491053904885014,"76.0":0.06324397225922157,"61.0":0.28748454359551323,"81.0":0.09729984505692185,"17.0":0.10916574758053345,"59.0":0.06249066068937775,"47.0":0.012637793874916814,"29.0":0.16496209264856926,"85.0":0.06608819132965463,"48.0":0.5698909780781536,"4.0":0.38279992658533973,"90.0":0.10842634609499928,"34.0":0.173213841427425,"8.0":0.027094841004174357,"40.0":0.30999347720978376,"53.0":0.6445256619498483,"52.0":0.006519488005021001,"36.0":0.008333836698530966,"64.0":0.07179710088653565,"77.0":0.035893266745447766,"18.0":0.3798901710365931,"88.0":0.1812317142095438,"25.0":0.1405291477168804,"69.0":0.3081366283251614,"63.0":0.12346543515678993,"72.0":0.16640849182809173,"49.0":0.2375807683290627,"39.0":0.05417605415478504,"30.0":0.44487191233541357,"46.0":0.12388661757500925,"86.0":0.0740312177700567,"26.0":0.006370289445512739,"55.0":0.0804613301252595,"15.0":0.14273623271124014,"95.0":0.16265979577749617,"6.0":0.24466052808034783,"37.0":0.23106699390350804,"23.0":0.5236715591121908,"87.0":0.2293330905239256,"13.0":0.24903395702457293,"16.0":0.452665908472742,"10.0":0.31323087043679343,"67.0":0.00038278927734376744,"0.0":0.17794592044573154,"24.0":0.19440698483380425,"93.0":0.1072827755838745,"2.0":0.1250322138213839,"66.0":0.15313941625507427,"43.0":0.6369052710622809,"73.0":0.2406071930045827,"50.0":0.22242105523381428,"20.0":0.010395846838056444,"99.0":0.42624004739176413,"65.0":0.3539462898954442,"98.0":0.09324911363641811,"70.0":0.08331909955811607,"28.0":0.17417472746244242,"60.0":0.11465516306064233,"83.0":0.1436703577204185,"75.0":0.08543529384999149,"54.0":0.009441298192981312,"89.0":0.13259951564322153,"78.0":0.027051063018332294,"32.0":0.053508939899878843,"19.0":0.4622055590441724,"27.0":0.10655732933175577,"74.0":0.2423027932839676,"21.0":0.3253439564530458,"11.0":0.31859003802565977,"92.0":0.2569416461674932,"22.0":0.1593888496521693,"31.0":0.020318374795484026,"45.0":0.08952580279694027,"79.0":0.28722177655782527,"12.0":0.3765295941210117,"5.0":0.1636984107163062,"57.0":0.2105860063690247,"38.0":0.1737064161903623,"97.0":0.1383628639061992,"41.0":0.03724899012358114,"7.0":0.2647765864845509,"82.0":0.1766815573005831,"68.0":0.45789421758479276,"94.0":0.11795494329024941,"71.0":0.6328206159675576,"3.0":0.14979589797566217,"58.0":0.044802546894860976,"62.0":0.44073572059803073,"35.0":0.13816583899005797,"91.0":0.10649494730199269,"84.0":0.112074391660885,"1.0":0.019137482604626624,"96.0":0.17624630567169994},"iteration":0,"preference_consensus_10":0.4762585186013254,"experiment_score_1":{"47.0":0.018152351135247657,"61.0":0.25995283879974396,"64.0":0.14427434536024733,"93.0":0.1746624187355536,"1.0":0.05686247243754551,"26.0":0.0008557321851818955,"13.0":0.19596660974395352,"82.0":0.1682023076815713,"20.0":0.04424461659135891,"38.0":0.22677376347098172,"48.0":0.6458909331203257,"51.0":0.19252122862868587,"88.0":0.15370000941377449,"16.0":0.5286658635149142,"71.0":0.5603433714938459,"4.0":0.4501795697370189,"9.0":0.096038043207882,"39.0":0.04569680453577326,"55.0":0.10484296548279011,"52.0":0.06595775646869068,"11.0":0.3859696811773389,"36.0":0.016813086317542747,"23.0":0.48982278935888823,"97.0":0.03197513493119079,"6.0":0.26904216343787846,"3.0":0.18364466772896465,"57.0":0.23496764172655532,"74.0":0.2147710884881983,"18.0":0.3268228237559737,"58.0":0.010953777141558513,"62.0":0.41320401580226146,"45.0":0.02214615964526115,"98.0":0.02077186916270643,"22.0":0.10632150237154989,"10.0":0.28569916564102416,"40.0":0.36306082449040317,"81.0":0.13114861481022433,"54.0":0.0009620485739695317,"72.0":0.2727962208031001,"7.0":0.19739694333287175,"28.0":0.24155437061412152,"44.0":0.5716812434080915,"70.0":0.08883365681844692,"69.0":0.3166158779441732,"79.0":0.3936095055328337,"12.0":0.45252954916318383,"84.0":0.13960609645665428,"73.0":0.3166071480467548,"87.0":0.1568558460502139,"34.0":0.1456821366316557,"53.0":0.7205256169920204,"31.0":0.028797624414495807,"60.0":0.12313441267965411,"43.0":0.5644280265885693,"49.0":0.2619624036865933,"65.0":0.35946084715577503,"19.0":0.3897283145704607,"83.0":0.2110500008720976,"86.0":0.14141086092173583,"68.0":0.46340877484512366,"75.0":0.032367946569372065,"76.0":0.07172322187823335,"91.0":0.11497419692100447,"29.0":0.21802943992918866,"30.0":0.4692535476929442,"21.0":0.2722766091724264,"92.0":0.28132328152502384,"89.0":0.166448285396524,"0.0":0.1440971506924291,"37.0":0.33745472287851647,"27.0":0.11207188659208661,"78.0":0.06089983277163476,"96.0":0.18176086293203078,"2.0":0.05255496934767222,"32.0":0.02249101514229329,"80.0":0.27813859581003936,"17.0":0.21555347655554186,"24.0":0.16687528003803498,"94.0":0.08410617353694697,"15.0":0.19580357999185954,"8.0":0.05147647636170497,"41.0":0.012867354766050526,"35.0":0.1436803962503888,"95.0":0.19019150057326545,"42.0":0.1854479086907284,"46.0":0.14826825293253987,"14.0":0.022224366873176887,"63.0":0.22985316413179835,"67.0":0.07561716576482837,"90.0":0.002038617119990871,"56.0":0.006667579512895261,"50.0":0.3288087842088227,"66.0":0.04675168728006586,"59.0":0.028641890936075293,"85.0":0.14208814637182676,"33.0":0.3193629925708636,"99.0":0.35886040424008503,"5.0":0.19123011551207547,"25.0":0.2130063921905921,"77.0":0.04140782400577861},"experiment_score_10":{"17.0":0.044684365115101696,"8.0":0.004656400972443325,"0.0":0.175927455875468,"96.0":0.07930607420006197,"98.0":0.10530298335196386,"86.0":0.04117990442575939,"67.0":0.00038278927734376744,"79.0":0.22274039409239352,"39.0":0.03594485133309477,"22.0":0.1933368617306659,"37.0":0.1665856114380763,"62.0":0.4360329586723818,"42.0":0.10091679450147098,"38.0":0.13975840411186571,"61.0":0.28278178166986423,"50.0":0.15793967276838253,"44.0":0.4692264546761227,"55.0":0.04871008814864181,"63.0":0.058984052691358174,"76.0":0.08147517508091184,"27.0":0.009617097860117796,"99.0":0.45909136073606144,"95.0":0.16736255770314515,"32.0":0.053508939899878843,"30.0":0.4131206703587959,"9.0":0.183053402566998,"54.0":0.008789904628708961,"94.0":0.11593647871998586,"46.0":0.09213537559839158,"7.0":0.2976278998288482,"59.0":0.0604721961191142,"69.0":0.32636783114685164,"40.0":0.27604546513128714,"12.0":0.3765295941210117,"82.0":0.15845035447889283,"51.0":0.09229027213270945,"65.0":0.2570060584238062,"83.0":0.11081904437612118,"26.0":0.1033105209171507,"23.0":0.5216530945419271,"85.0":0.06608819132965463,"21.0":0.35929196853154244,"84.0":0.11677715358653398,"28.0":0.14132341411814509,"6.0":0.21290928610373014,"43.0":0.6489591407778267,"49.0":0.205829526352445,"45.0":0.12237711614123757,"1.0":0.019137482604626624,"80.0":0.10726948436959921,"88.0":0.1765289522838948,"52.0":0.018573357720566758,"92.0":0.22519040419087552,"97.0":0.20284424637163095,"20.0":0.01241431140832,"91.0":0.12472615012368296,"81.0":0.09931830962718541,"89.0":0.1346179802134851,"35.0":0.041225607518419985,"60.0":0.1328863658823326,"41.0":0.06900023210019882,"10.0":0.3085281085111444,"75.0":0.11938330592848809,"33.0":0.32911494577354206,"15.0":0.10878822063274354,"47.0":0.08430243759672115,"4.0":0.3499486132410424,"25.0":0.12847527800133465,"71.0":0.6448744856831033,"53.0":0.6445256619498483,"66.0":0.21762079872050602,"73.0":0.2406071930045827,"70.0":0.013621131913521892,"36.0":0.02656503952022124,"18.0":0.4138381831150897,"72.0":0.10192710936265997,"2.0":0.13708608353692964,"90.0":0.17290772856043102,"77.0":0.0610469647261902,"56.0":0.049465297821253036,"24.0":0.18970422290815528,"34.0":0.16851107950177602,"19.0":0.47425942875971816,"3.0":0.15181436254592573,"74.0":0.2376000313583186,