p,Dist_p,Dist_inf,Diff
1.1,0.0006866054498927269,0.06949806281663953,0.0688114573667468
1.2000000000000002,0.002241988448640238,0.06435229477470435,0.06211030632606411
1.3000000000000003,0.0038679514475791943,0.05983215443606958,0.055964202988490384
1.4000000000000004,0.008169753239087247,0.05314995002654289,0.04498019678745564
1.5000000000000004,0.01192711278692944,0.04740164877222295,0.03547453598529351
1.6000000000000005,0.016071725025233692,0.04156806185856908,0.025496336833335388
1.7000000000000006,0.019718319249895908,0.036471170345362285,0.016752851095466377
1.8000000000000007,0.022189101130634048,0.03274189890830743,0.01055279777767338
1.9000000000000008,0.024672367068319784,0.029156527215255176,0.004484160146935392
