p,Dist_p,Dist_inf,Diff
1.1,0.0002113922035582514,0.0894562068097659,0.08924481460620765
1.2000000000000002,0.0008903035989300933,0.08419023652664112,0.08329993292771103
1.3000000000000003,0.0014561618428461905,0.07992679105208131,0.07847062920923512
1.4000000000000004,0.004304062430271762,0.07403769937955741,0.06973363694928565
1.5000000000000004,0.008913624260250974,0.06688451987630811,0.05797089561605714
1.6000000000000005,0.015161359660796455,0.05847895844803563,0.043317598787239175
1.7000000000000006,0.020492763129716422,0.05129466204777813,0.03080189891806171
1.8000000000000007,0.025814914552579005,0.04436467034176822,0.018549755789189215
1.9000000000000008,0.03041753196681007,0.03835400784613572,0.007936475879325649
