p,Dist_p,Dist_inf,Diff
1.1,0.004299289572327025,0.10301126448504255,0.09871197491271552
1.2000000000000002,0.005240522098677183,0.09658042549933572,0.09133990340065853
1.3000000000000003,0.0055316059243412765,0.09186421890065226,0.08633261297631098
1.4000000000000004,0.006480787365765981,0.08727546303181657,0.0807946756660506
1.5000000000000004,0.01085955064676919,0.07985260104813516,0.06899305040136597
1.6000000000000005,0.017983194254675806,0.070146558567695,0.0521633643130192
1.7000000000000006,0.024319448771100538,0.06159283676923378,0.03727338799813324
1.8000000000000007,0.030732911430938852,0.05325517592054176,0.02252226448960291
1.9000000000000008,0.03631707553372503,0.04598592044154411,0.009668844907819087
