p,Dist_p,Dist_inf,Diff
1.1,0.0010670660944441994,0.05445988271911338,0.05339281662466918
1.2000000000000002,0.001871041215784668,0.05081535664215756,0.0489443154263729
1.3000000000000003,0.0024411845982643295,0.04795547048582369,0.04551428588755936
1.4000000000000004,0.004866048371120803,0.043647339361407925,0.03878129099028712
1.5000000000000004,0.0086488160539663,0.038289428261106345,0.029640612207140045
1.6000000000000005,0.011554891937357464,0.03404711167640729,0.022492219739049826
1.7000000000000006,0.01480624110451424,0.029648352607708556,0.014842111503194316
1.8000000000000007,0.017783133283862673,0.025675800166625767,0.007892666882763095
1.9000000000000008,0.019310043069944115,0.023276953939483373,0.003966910869539257
