p,Dist_p,Dist_inf,Diff
1.1,0.0044666286985650255,0.03868832009855895,0.034221691399993925
1.2000000000000002,0.002933604655279441,0.03801369841910186,0.03508009376382242
1.3000000000000003,0.0029487287753091015,0.0362190107848577,0.0332702820095486
1.4000000000000004,0.0037074643641003837,0.033996620018456644,0.030289155654356262
1.5000000000000004,0.004203579514011133,0.03227632030625914,0.02807274079224801
1.6000000000000005,0.006303082588437511,0.029138305297038758,0.022835222708601246
1.7000000000000006,0.009353830156483256,0.025195803065566125,0.015841972909082867
1.8000000000000007,0.011761282226290616,0.022014534524071306,0.01025325229778069
1.9000000000000008,0.01431695632567704,0.01878120077883118,0.004464244453154142
