p,Dist_p,Dist_inf,Diff
1.1,0.0008245705651653722,0.07711847952860564,0.07629390896344027
1.2000000000000002,0.0004170015385650608,0.07353877372454969,0.07312177218598462
1.3000000000000003,0.0014556406584383384,0.06928602794948065,0.06783038729104231
1.4000000000000004,0.002636726473049724,0.06546140409327048,0.06282467762022075
1.5000000000000004,0.006208047566387558,0.05967905781459638,0.05347101024820882
1.6000000000000005,0.011597685276414187,0.05241374211136535,0.04081605683495116
1.7000000000000006,0.01650563735793852,0.04589517339512801,0.029389536037189492
1.8000000000000007,0.021572438144692445,0.039430766593368444,0.017858328448676
1.9000000000000008,0.026044602293905438,0.033734667271120976,0.007690064977215538
