p,Dist_p,Dist_inf,Diff
1.1,0.0020780011012194776,0.022606070303929866,0.02052806920271039
1.2000000000000002,0.002386960807283484,0.021034365856500665,0.01864740504921718
1.3000000000000003,0.002803689518152982,0.01959974987941347,0.01679606036126049
1.4000000000000004,0.002082228360505205,0.019484019245072745,0.01740179088456754
1.5000000000000004,0.0025157173962028602,0.018350312505708587,0.015834595109505727
1.6000000000000005,0.003473416573681815,0.016798597961091403,0.013325181387409587
1.7000000000000006,0.004797963535778217,0.01496397888904104,0.010166015353262822
1.8000000000000007,0.006812541850374904,0.012506787581635356,0.005694245731260452
1.9000000000000008,0.008005480850931293,0.010926236046412822,0.002920755195481529
