p,Dist_p,Dist_inf,Diff
1.1,0.0018816480915519495,0.045217765954426226,0.04333611786287428
1.2000000000000002,0.00158709931916686,0.0431028849195578,0.04151578560039094
1.3000000000000003,0.0024558979610871806,0.04029186641378976,0.03783596845270258
1.4000000000000004,0.004206034522527229,0.036944293100544874,0.03273825857801765
1.5000000000000004,0.006519189618953173,0.03329506005303858,0.026775870434085407
1.6000000000000005,0.009083582379699084,0.029597232889705394,0.02051365051000631
1.7000000000000006,0.012032427286098674,0.025675124816719127,0.013642697530620453
1.8000000000000007,0.014777216306000594,0.022085790653989124,0.00730857434798853
1.9000000000000008,0.01620895224418798,0.01991445536203211,0.003705503117844129
