p,Dist_p,Dist_inf,Diff
1.1,0.002870867646745441,0.03182106274194755,0.028950195095202108
1.2000000000000002,0.002148707697315805,0.030768513327305624,0.02861980562998982
1.3000000000000003,0.0019743456160179113,0.02951229802922538,0.027537952413207466
1.4000000000000004,0.0024183360735928368,0.027891686466771,0.025473350393178162
1.5000000000000004,0.0034572253111422994,0.025868684704435155,0.022411459393292855
1.6000000000000005,0.005011564512790934,0.02347949377073901,0.018467929257948077
1.7000000000000006,0.006939155564933349,0.02083502802473855,0.013895872459805201
1.8000000000000007,0.00973372820831545,0.017418390289920295,0.0076846620816048445
1.9000000000000008,0.011349526333244927,0.01525782680397272,0.0039083004707277935
