p,Dist_p,Dist_inf,Diff
1.1,0.0056446086292633695,0.048554187543060234,0.04290957891379686
1.2000000000000002,0.0054445495683802326,0.045981638968371194,0.04053708939999096
1.3000000000000003,0.004598000451747501,0.044593213815053136,0.03999521336330564
1.4000000000000004,0.0049953209383531115,0.04235767196915988,0.03736235103080676
1.5000000000000004,0.005573035002763054,0.040242490443472195,0.03466945544070914
1.6000000000000005,0.007836225018196348,0.036675021353557026,0.028838796335360677
1.7000000000000006,0.011576875836414646,0.03181440560464197,0.020237529768227326
1.8000000000000007,0.014633431200388274,0.027786005240435827,0.013152574040047552
1.9000000000000008,0.01791824426187733,0.023650111641405236,0.005731867379527907
