p,Dist_p,Dist_inf,Diff
1.1,0.0012485503153653475,0.017235140180709055,0.01598658986534371
1.2000000000000002,0.0014531603623456246,0.016084973681883847,0.014631813319538223
1.3000000000000003,0.001743035380378911,0.015032894046959917,0.013289858666581006
1.4000000000000004,0.002131694348098414,0.014017337120837118,0.011885642772738703
1.5000000000000004,0.0016091331025717816,0.0140155680360057,0.012406434933433918
1.6000000000000005,0.0022630040408966154,0.012916892186210525,0.01065388814531391
1.7000000000000006,0.0040106580101219175,0.010787290893291213,0.006776632883169296
1.8000000000000007,0.004891733765763642,0.009574781905491683,0.00468304813972804
1.9000000000000008,0.005888680283695935,0.008287587072944917,0.0023989067892489814
