p,Dist_p,Dist_inf,Diff
1.1,0.003344493508216702,0.029522680514571294,0.026178187006354593
1.2000000000000002,0.0023881796690015267,0.028797632698344473,0.026409453029342944
1.3000000000000003,0.002298829370004233,0.027531652372776407,0.025232823002772173
1.4000000000000004,0.0028100826609925482,0.02590566691843859,0.023095584257446043
1.5000000000000004,0.0038569811654641586,0.023926419096769527,0.02006943793130537
1.6000000000000005,0.005323729796578759,0.02166873099203675,0.016345001195457988
1.7000000000000006,0.007060962886862353,0.01925233000732994,0.012191367120467587
1.8000000000000007,0.009499981409138441,0.016223966315019808,0.006723984905881367
1.9000000000000008,0.01087248711183025,0.014335349294175334,0.003462862182345084
