p,Dist_p,Dist_inf,Diff
1.1,0.0048445528348655545,0.09423453469295283,0.08938998185808728
1.2000000000000002,0.005287546392338713,0.08872302570698698,0.08343547931464827
1.3000000000000003,0.0069717505933011665,0.08295313645481386,0.07598138586151269
1.4000000000000004,0.007192946164008855,0.07937154715186734,0.07217860098785848
1.5000000000000004,0.010019467569820095,0.0737344306051091,0.06371496303528901
1.6000000000000005,0.016446148011177632,0.0649234392618928,0.04847729125071516
1.7000000000000006,0.022287316089624448,0.05703489907865273,0.03474758298902828
1.8000000000000007,0.028239753694072074,0.04930586268157952,0.021066108987507447
1.9000000000000008,0.033439582180340086,0.04255020105827663,0.009110618877936544
