p,Dist_p,Dist_inf,Diff
1.1,0.0023304078940318998,0.009342171850218711,0.007011763956186811
1.2000000000000002,0.0021306546743193526,0.008944799561408234,0.006814144887088881
1.3000000000000003,0.0020016698248847427,0.00859244686767301,0.006590777042788267
1.4000000000000004,0.001955917178017033,0.008242309071962465,0.006286391893945432
1.5000000000000004,0.002013123915408671,0.007853984066023025,0.005840860150614354
1.6000000000000005,0.0021967350878179864,0.0073894754829545925,0.005192740395136606
1.7000000000000006,0.002527999977150743,0.0068170081890009445,0.004289008211850201
1.8000000000000007,0.003017952945136,0.006117752818279701,0.003099799873143701
1.9000000000000008,0.003659726204401722,0.005292685719578001,0.0016329595151762786
