p,Dist_p,Dist_inf,Diff
1.1,0.0002970817562623245,0.1692975216267582,0.16900043987049587
1.2000000000000002,0.0009532132264497708,0.1599655647600703,0.1590123515336205
1.3000000000000003,0.003783090306346093,0.15014218225842227,0.14635909195207616
1.4000000000000004,0.011577506414817612,0.1365957486813823,0.1250182422665647
1.5000000000000004,0.022692026740807503,0.12067030629209306,0.09797827955128556
1.6000000000000005,0.03372757250429405,0.10555351319546959,0.07182594069117554
1.7000000000000006,0.0435185876601043,0.09225799200560464,0.04873940434550034
1.8000000000000007,0.051842965216280054,0.08089259363339146,0.02904962841711141
1.9000000000000008,0.05885376265217347,0.07121866202469383,0.01236489937252036
