p,Dist_p,Dist_inf,Diff
1.1,0.0005884393517368537,0.004695436368329464,0.00410699701659261
1.2000000000000002,0.0005708037824317151,0.004442768624618375,0.00387196484218666
1.3000000000000003,0.0005832746353545429,0.004212408683487417,0.003629134048132874
1.4000000000000004,0.0006314805778657659,0.003984993350834662,0.003353512772968896
1.5000000000000004,0.0007226712477836489,0.003743913982961051,0.003021242735177402
1.6000000000000005,0.0008644006257343903,0.0034750295938190366,0.0026106289680846466
1.7000000000000006,0.0010625969856996671,0.0031676471278410173,0.00210505014214135
1.8000000000000007,0.0013192198752395414,0.0028162784401828686,0.0014970585649433273
