p,Dist_p,Dist_inf,Diff
1.1,0.0035446163330074168,0.10314830589227636,0.09960368955926895
1.2000000000000002,0.005092609367635929,0.09614230213204454,0.09104969276440861
1.3000000000000003,0.004702410830870068,0.09213284693478269,0.08743043610391261
1.4000000000000004,0.006297605718732918,0.08691902539152777,0.08062141967279485
1.5000000000000004,0.011345827321676744,0.07884422556443926,0.06749839824276252
1.6000000000000005,0.018577635453471075,0.06904488169972361,0.05046724624625254
1.7000000000000006,0.024780620448769965,0.060637192178037244,0.035856571729267275
1.8000000000000007,0.030969530553054535,0.05253515871405364,0.021565628160999106
1.9000000000000008,0.036315280833684876,0.045514015693874935,0.009198734860190058
